{
	"pattrstorage" : 	{
		"name" : "settings",
		"slots" : 		{
			"1" : 			{
				"id" : 1,
				"data" : 				{
					"showWindow" : [ 1 ],
					"videoLatency" : [ 8 ],
					"videoLatency[1]" : [ 285 ],
					"weightCalib::weightCalib_XY::weight::weighMapper" : [ 1.0, 0.0, 5000.0, 0.0, 0.0, 0, 0.002065, 20.0, 0, 0.008966, 50.0, 0, 0.020491, 100.0, 0, 0.043028, 200.0, 0, 0.110638, 500.0, 0, 0.227296, 1000.0, 0, 0.455989, 2000.0, 0, 0.919654, 4000.0, 0, "linear" ],
					"weightCalib::weightCalib_XY::weight::weight2FactorMapper" : [ 1.0, 0.0, 1.0, 0.0, 1.0, 0, 0.002065, 0.990297, 0, 0.008966, 0.98253, 0, 0.020491, 0.958939, 0, 0.043028, 0.950013, 0, 0.110638, 0.945369, 0, 0.227296, 0.919119, 0, 0.455989, 0.884316, 0, 0.919654, 0.833623, 0, "linear" ],
					"weightCalib::weightCalib_XY::shearUP::weighMapper" : [ 1.0, 0.0, 600.0, 0.0, 0.0, 0, 0.91, 510.0, 0, 0.92, 520.0, 0, 0.93, 530.0, 0, 0.94, 540.0, 0, 0.95, 550.0, 0, 0.96, 560.0, 0, 0.97, 570.0, 0, 98.0, 580.0, 0, "linear" ],
					"weightCalib::weightCalib_XY::shearDOWN::weighMapper" : [ 1.0, 0.0, 600.0, 0.0, 0.0, 0, 0.91, 510.0, 0, 0.92, 520.0, 0, 0.93, 530.0, 0, 0.94, 540.0, 0, 0.95, 550.0, 0, 0.96, 560.0, 0, 0.97, 570.0, 0, 98.0, 580.0, 0, "linear" ],
					"weightCalib::weightCalib_XY::shearLEFT::weighMapper" : [ 1.0, 0.0, 600.0, 0.0, 0.0, 0, 0.91, 510.0, 0, 0.92, 520.0, 0, 0.93, 530.0, 0, 0.94, 540.0, 0, 0.95, 550.0, 0, 0.96, 560.0, 0, 0.97, 570.0, 0, 98.0, 580.0, 0, "linear" ],
					"weightCalib::weightCalib_XY::shearRIGHT::weighMapper" : [ 1.0, 0.0, 600.0, 0.0, 0.0, 0, 0.91, 510.0, 0, 0.92, 520.0, 0, 0.93, 530.0, 0, 0.94, 540.0, 0, 0.95, 550.0, 0, 0.96, 560.0, 0, 0.97, 570.0, 0, 98.0, 580.0, 0, "linear" ]
				}

			}

		}

	}

}
