{
	"pattrstorage" : 	{
		"name" : "settings",
		"slots" : 		{
			"1" : 			{
				"id" : 1,
				"data" : 				{
					"showWindow" : [ 1 ],
					"weightCalib::weightCalib_XY::weight::areaFactor" : [ 2816.098145 ],
					"weightCalib::weightCalib_XY::weight::weighMapper" : [ 1.0, 0.0, 5000.0, 0.0, 0.0, 0, 0.003625, 20.0, 0, 0.010455, 50.0, 0, 0.021843, 100.0, 0, 0.044744, 200.0, 0, 0.113545, 500.0, 0, 0.227745, 1000.0, 0, 0.456691, 2000.0, 0, 0.914702, 4000.0, 0, "linear" ],
					"weightCalib::weightCalib_XY::weight::weight2FactorMapper" : [ 1.0, 0.0, 1.0, 0.000005, 1.000719, 0, 0.003625, 0.984094, 0, 0.010455, 0.978039, 0, 0.021843, 0.960842, 0, 0.044744, 0.955129, 0, 0.113545, 0.93881, 0, 0.227745, 0.903816, 0, 0.456691, 0.871969, 0, 0.914702, 0.819255, 0, "linear" ],
					"weightCalib::weightCalib_XY::shearUP::weighMapper" : [ 1.0, 0.0, 600.0, 0.0, 0.0, 0, 0.91, 510.0, 0, 0.92, 520.0, 0, 0.93, 530.0, 0, 0.94, 540.0, 0, 0.95, 550.0, 0, 0.96, 560.0, 0, 0.97, 570.0, 0, 98.0, 580.0, 0, "linear" ],
					"weightCalib::weightCalib_XY::shearDOWN::weighMapper" : [ 1.0, 0.0, 600.0, 0.0, 0.0, 0, 0.91, 510.0, 0, 0.92, 520.0, 0, 0.93, 530.0, 0, 0.94, 540.0, 0, 0.95, 550.0, 0, 0.96, 560.0, 0, 0.97, 570.0, 0, 98.0, 580.0, 0, "linear" ],
					"weightCalib::weightCalib_XY::shearLEFT::weighMapper" : [ 1.0, 0.0, 600.0, 0.0, 0.0, 0, 0.91, 510.0, 0, 0.92, 520.0, 0, 0.93, 530.0, 0, 0.94, 540.0, 0, 0.95, 550.0, 0, 0.96, 560.0, 0, 0.97, 570.0, 0, 98.0, 580.0, 0, "linear" ],
					"weightCalib::weightCalib_XY::shearRIGHT::weighMapper" : [ 1.0, 0.0, 600.0, 0.0, 0.0, 0, 0.91, 510.0, 0, 0.92, 520.0, 0, 0.93, 530.0, 0, 0.94, 540.0, 0, 0.95, 550.0, 0, 0.96, 560.0, 0, 0.97, 570.0, 0, 98.0, 580.0, 0, "linear" ]
				}

			}

		}

	}

}
