{
	"pattrstorage" : 	{
		"name" : "settings",
		"slots" : 		{
			"1" : 			{
				"id" : 1,
				"data" : 				{
					"pressureThreshold" : [ 90 ],
					"showWindow" : [ 1 ],
					"videoLatency" : [ 8 ],
					"videoLatency[1]" : [ 285 ],
					"patcher[1]::weighMapper" : [ 1024.0, 0.0, 5000.0, 0.0, 0.0, 0, 1.0, 20.0, 0, 7.0, 50.0, 0, 19.0, 100.0, 0, 40.0, 200.0, 0, 107.0, 500.0, 0, 218.0, 1000.0, 0, 440.0, 2000.0, 0, 1024.0, 5000.0, 0, "linear" ],
					"calibArea::weighMapper" : [ 1024.0, 0.0, 5000.0, 0.0, 0.0, 0, 1024.0, 5000.0, 0, "linear" ],
					"calibArea[1]::weighMapper" : [ 1.0, 0.0, 5000.0, 0.0, 0.0, 0, 0.004894, 20.0, 0, 0.011362, 50.0, 0, 0.022926, 100.0, 0, 0.046111, 200.0, 0, 0.114834, 500.0, 0, 0.228875, 1000.0, 0, 0.458161, 2000.0, 0, 0.914028, 4000.0, 0, "linear" ]
				}

			}

		}

	}

}
